{
    "128.2.0.194": {
        "1491199169.365": 8.666666666666666, 
        "1491199229.364": 9.0, 
        "1491199289.366": 47.0, 
        "1491199349.374": 46.666666666666664, 
        "1491199409.375": 85.33333333333333, 
        "1491199469.375": 1.6666666666666667, 
        "1491199529.375": 154.66666666666666, 
        "1491199589.376": 71.0, 
        "1491199649.376": 58.333333333333336, 
        "1491199709.375": 16.333333333333332
    }
}